{
    "DesktopAudioDevice1": {
        "prev_ver": 503447555,
        "name": "Desktop Audio",
        "uuid": "f93ed0b7-dacf-4c14-9c46-5027bdf53146",
        "id": "pulse_output_capture",
        "versioned_id": "pulse_output_capture",
        "settings": {
            "device_id": "{0.0.0.00000000}.{d432bc13-1c94-48a1-9358-fc7c5772e788}"
        },
        "mixers": 0,
        "sync": 0,
        "flags": 0,
        "volume": 1.0,
        "balance": 0.5,
        "enabled": true,
        "muted": false,
        "push-to-mute": false,
        "push-to-mute-delay": 0,
        "push-to-talk": false,
        "push-to-talk-delay": 0,
        "hotkeys": {
            "libobs.mute": [],
            "libobs.push-to-mute": [],
            "libobs.push-to-talk": [],
            "libobs.unmute": []
        },
        "deinterlace_mode": 0,
        "deinterlace_field_order": 0,
        "monitoring_type": 0,
        "private_settings": {}
    },
    "AuxAudioDevice1": {
        "prev_ver": 503447555,
        "name": "Mic/Aux",
        "uuid": "86184796-28f2-4c6b-8f3c-0a650eaa9fcf",
        "id": "pulse_input_capture",
        "versioned_id": "pulse_input_capture",
        "settings": {
            "device_id": "{0.0.1.00000000}.{8fd72298-3f45-4b5b-84b5-1014fc62dcdc}"
        },
        "mixers": 0,
        "sync": 0,
        "flags": 0,
        "volume": 0.15610790252685547,
        "balance": 0.5,
        "enabled": true,
        "muted": false,
        "push-to-mute": false,
        "push-to-mute-delay": 0,
        "push-to-talk": false,
        "push-to-talk-delay": 0,
        "hotkeys": {
            "libobs.mute": [],
            "libobs.push-to-mute": [],
            "libobs.push-to-talk": [],
            "libobs.unmute": []
        },
        "deinterlace_mode": 0,
        "deinterlace_field_order": 0,
        "monitoring_type": 0,
        "private_settings": {}
    },
    "current_scene": "Intro (Ctrl + 1)",
    "current_program_scene": "Intro (Ctrl + 1)",
    "scene_order": [
        {
            "name": "Intro (Ctrl + 1)"
        },
        {
            "name": "Webcam (Ctrl + 2)"
        },
        {
            "name": "Both (Ctrl + 3)"
        },
        {
            "name": "Screen (Ctrl + 4)"
        },
        {
            "name": "Outro (Ctrl + 5)"
        }
    ],
    "name": "JUXT",
    "groups": [],
    "quick_transitions": [
        {
            "name": "Cut",
            "duration": 300,
            "hotkeys": [],
            "id": 1,
            "fade_to_black": false
        },
        {
            "name": "Fade",
            "duration": 300,
            "hotkeys": [],
            "id": 2,
            "fade_to_black": false
        },
        {
            "name": "Fade",
            "duration": 300,
            "hotkeys": [],
            "id": 3,
            "fade_to_black": false
        }
    ],
    "transitions": [
        {
            "name": "Swipe",
            "id": "swipe_transition",
            "settings": {
                "direction": "left"
            }
        },
        {
            "name": "Fade to Colour",
            "id": "fade_to_color_transition",
            "settings": {}
        }
    ],
    "saved_projectors": [],
    "current_transition": "Fade",
    "transition_duration": 300,
    "preview_locked": false,
    "scaling_enabled": false,
    "scaling_level": 0,
    "scaling_off_x": 0.0,
    "scaling_off_y": 0.0,
    "virtual-camera": {
        "type2": 3
    },
    "modules": {
        "auto-scene-switcher": {
            "interval": 300,
            "non_matching_scene": "",
            "switch_if_not_matching": false,
            "active": false,
            "switches": []
        },
        "captions": {
            "source": "",
            "enabled": false,
            "lang_id": 2057,
            "provider": "mssapi"
        },
        "output-timer": {
            "streamTimerHours": 0,
            "streamTimerMinutes": 0,
            "streamTimerSeconds": 30,
            "recordTimerHours": 0,
            "recordTimerMinutes": 0,
            "recordTimerSeconds": 30,
            "autoStartStreamTimer": false,
            "autoStartRecordTimer": false,
            "pauseRecordTimer": false
        },
        "scripts-tool": []
    },
    "resolution": {
        "x": 1920,
        "y": 1080
    },
    "sources": [
        {
            "prev_ver": 503447555,
            "name": "Audio Input Capture",
            "uuid": "ac84e9a0-6159-468f-acad-57945f0c065d",
            "id": "wasapi_input_capture",
            "versioned_id": "wasapi_input_capture",
            "settings": {
                "device_id": "default"
            },
            "mixers": 255,
            "sync": 0,
            "flags": 0,
            "volume": 1.0,
            "balance": 0.5,
            "enabled": true,
            "muted": false,
            "push-to-mute": false,
            "push-to-mute-delay": 0,
            "push-to-talk": false,
            "push-to-talk-delay": 0,
            "hotkeys": {
                "libobs.mute": [],
                "libobs.unmute": [],
                "libobs.push-to-mute": [],
                "libobs.push-to-talk": []
            },
            "deinterlace_mode": 0,
            "deinterlace_field_order": 0,
            "monitoring_type": 0,
            "private_settings": {}
        },
        {
            "prev_ver": 503447555,
            "name": "Audio Output Capture",
            "uuid": "44b4387b-daad-44a4-92fb-a65d6d90322c",
            "id": "wasapi_output_capture",
            "versioned_id": "wasapi_output_capture",
            "settings": {
                "device_id": "default",
                "use_device_timing": true
            },
            "mixers": 255,
            "sync": 0,
            "flags": 0,
            "volume": 1.0,
            "balance": 0.5,
            "enabled": true,
            "muted": false,
            "push-to-mute": false,
            "push-to-mute-delay": 0,
            "push-to-talk": false,
            "push-to-talk-delay": 0,
            "hotkeys": {
                "libobs.mute": [],
                "libobs.unmute": [],
                "libobs.push-to-mute": [],
                "libobs.push-to-talk": []
            },
            "deinterlace_mode": 0,
            "deinterlace_field_order": 0,
            "monitoring_type": 0,
            "private_settings": {}
        },
        {
            "prev_ver": 503447555,
            "name": "Both (Ctrl + 3)",
            "uuid": "fb4753ed-4e01-4008-ade1-732277e2d80b",
            "id": "scene",
            "versioned_id": "scene",
            "settings": {
                "custom_size": false,
                "id_counter": 44,
                "items": [
                    {
                        "name": "Record Screen (Mac)",
                        "source_uuid": "c9fa5200-caf4-44b4-b0af-de1d8e3273a8",
                        "visible": true,
                        "locked": false,
                        "rot": 0.0,
                        "pos": {
                            "x": 0.0,
                            "y": 0.0
                        },
                        "scale": {
                            "x": 1.0,
                            "y": 1.0
                        },
                        "align": 5,
                        "bounds_type": 1,
                        "bounds_align": 0,
                        "bounds_crop": false,
                        "bounds": {
                            "x": 1920.0,
                            "y": 1080.0
                        },
                        "crop_left": 0,
                        "crop_top": 0,
                        "crop_right": 0,
                        "crop_bottom": 0,
                        "id": 42,
                        "group_item_backup": false,
                        "scale_filter": "disable",
                        "blend_method": "default",
                        "blend_type": "normal",
                        "show_transition": {
                            "duration": 0
                        },
                        "hide_transition": {
                            "duration": 0
                        },
                        "private_settings": {}
                    },
                    {
                        "name": "Record Screen (Linux)",
                        "source_uuid": "8eaf65da-9270-475e-9b54-252155eea8fc",
                        "visible": true,
                        "locked": false,
                        "rot": 0.0,
                        "pos": {
                            "x": 0.0,
                            "y": 0.0
                        },
                        "scale": {
                            "x": 1.0,
                            "y": 1.0
                        },
                        "align": 5,
                        "bounds_type": 1,
                        "bounds_align": 0,
                        "bounds_crop": false,
                        "bounds": {
                            "x": 1920.0,
                            "y": 1080.0
                        },
                        "crop_left": 0,
                        "crop_top": 0,
                        "crop_right": 0,
                        "crop_bottom": 0,
                        "id": 32,
                        "group_item_backup": false,
                        "scale_filter": "disable",
                        "blend_method": "default",
                        "blend_type": "normal",
                        "show_transition": {
                            "duration": 0
                        },
                        "hide_transition": {
                            "duration": 0
                        },
                        "private_settings": {}
                    },
                    {
                        "name": "Record Screen (Windows)",
                        "source_uuid": "bc4a3f20-6ad4-4ed1-be7c-0e9642de4d7d",
                        "visible": true,
                        "locked": false,
                        "rot": 0.0,
                        "pos": {
                            "x": 0.0,
                            "y": 0.0
                        },
                        "scale": {
                            "x": 1.0,
                            "y": 1.0
                        },
                        "align": 5,
                        "bounds_type": 2,
                        "bounds_align": 0,
                        "bounds_crop": false,
                        "bounds": {
                            "x": 1920.0,
                            "y": 1080.0
                        },
                        "crop_left": 0,
                        "crop_top": 0,
                        "crop_right": 0,
                        "crop_bottom": 0,
                        "id": 35,
                        "group_item_backup": false,
                        "scale_filter": "disable",
                        "blend_method": "default",
                        "blend_type": "normal",
                        "show_transition": {
                            "duration": 0
                        },
                        "hide_transition": {
                            "duration": 0
                        },
                        "private_settings": {}
                    },
                    {
                        "name": "Camera (Linux & Windows)",
                        "source_uuid": "a3f4ea92-be78-4227-a78b-532d871b7bd6",
                        "visible": true,
                        "locked": false,
                        "rot": 0.0,
                        "pos": {
                            "x": 1484.0,
                            "y": 800.0
                        },
                        "scale": {
                            "x": 1.0,
                            "y": 1.0
                        },
                        "align": 5,
                        "bounds_type": 2,
                        "bounds_align": 0,
                        "bounds_crop": false,
                        "bounds": {
                            "x": 373.0,
                            "y": 218.0
                        },
                        "crop_left": 0,
                        "crop_top": 0,
                        "crop_right": 0,
                        "crop_bottom": 0,
                        "id": 10,
                        "group_item_backup": false,
                        "scale_filter": "disable",
                        "blend_method": "default",
                        "blend_type": "normal",
                        "show_transition": {
                            "duration": 0
                        },
                        "hide_transition": {
                            "duration": 0
                        },
                        "private_settings": {}
                    },
                    {
                        "name": "Camera (Mac & Windows)",
                        "source_uuid": "f51667a8-0c63-47e0-9763-9b6101b04e9f",
                        "visible": true,
                        "locked": false,
                        "rot": 0.0,
                        "pos": {
                            "x": 1484.0,
                            "y": 800.0
                        },
                        "scale": {
                            "x": 1.0,
                            "y": 1.0
                        },
                        "align": 5,
                        "bounds_type": 2,
                        "bounds_align": 0,
                        "bounds_crop": false,
                        "bounds": {
                            "x": 373.0,
                            "y": 218.0
                        },
                        "crop_left": 0,
                        "crop_top": 0,
                        "crop_right": 0,
                        "crop_bottom": 0,
                        "id": 33,
                        "group_item_backup": false,
                        "scale_filter": "disable",
                        "blend_method": "default",
                        "blend_type": "normal",
                        "show_transition": {
                            "duration": 0
                        },
                        "hide_transition": {
                            "duration": 0
                        },
                        "private_settings": {}
                    },
                    {
                        "name": "Audio Output Capture",
                        "source_uuid": "44b4387b-daad-44a4-92fb-a65d6d90322c",
                        "visible": true,
                        "locked": false,
                        "rot": 0.0,
                        "pos": {
                            "x": 0.0,
                            "y": 0.0
                        },
                        "scale": {
                            "x": 1.0,
                            "y": 1.0
                        },
                        "align": 5,
                        "bounds_type": 0,
                        "bounds_align": 0,
                        "bounds_crop": false,
                        "bounds": {
                            "x": 0.0,
                            "y": 0.0
                        },
                        "crop_left": 0,
                        "crop_top": 0,
                        "crop_right": 0,
                        "crop_bottom": 0,
                        "id": 36,
                        "group_item_backup": false,
                        "scale_filter": "disable",
                        "blend_method": "default",
                        "blend_type": "normal",
                        "show_transition": {
                            "duration": 0
                        },
                        "hide_transition": {
                            "duration": 0
                        },
                        "private_settings": {}
                    },
                    {
                        "name": "Audio Input Capture",
                        "source_uuid": "ac84e9a0-6159-468f-acad-57945f0c065d",
                        "visible": true,
                        "locked": false,
                        "rot": 0.0,
                        "pos": {
                            "x": 0.0,
                            "y": 0.0
                        },
                        "scale": {
                            "x": 1.0,
                            "y": 1.0
                        },
                        "align": 5,
                        "bounds_type": 0,
                        "bounds_align": 0,
                        "bounds_crop": false,
                        "bounds": {
                            "x": 0.0,
                            "y": 0.0
                        },
                        "crop_left": 0,
                        "crop_top": 0,
                        "crop_right": 0,
                        "crop_bottom": 0,
                        "id": 37,
                        "group_item_backup": false,
                        "scale_filter": "disable",
                        "blend_method": "default",
                        "blend_type": "normal",
                        "show_transition": {
                            "duration": 0
                        },
                        "hide_transition": {
                            "duration": 0
                        },
                        "private_settings": {}
                    },
                    {
                        "name": "JUXT Logo",
                        "source_uuid": "a2d300e9-052a-496d-9cf2-ad399e22c65d",
                        "visible": true,
                        "locked": false,
                        "rot": 0.0,
                        "pos": {
                            "x": 1650.0,
                            "y": 21.0
                        },
                        "scale": {
                            "x": 0.17146776616573334,
                            "y": 0.17120000720024109
                        },
                        "align": 5,
                        "bounds_type": 0,
                        "bounds_align": 0,
                        "bounds_crop": false,
                        "bounds": {
                            "x": 0.0,
                            "y": 0.0
                        },
                        "crop_left": 0,
                        "crop_top": 0,
                        "crop_right": 0,
                        "crop_bottom": 0,
                        "id": 40,
                        "group_item_backup": false,
                        "scale_filter": "disable",
                        "blend_method": "default",
                        "blend_type": "normal",
                        "show_transition": {
                            "duration": 0
                        },
                        "hide_transition": {
                            "duration": 0
                        },
                        "private_settings": {}
                    },
                    {
                        "name": "XTDB Logo",
                        "source_uuid": "85383c60-2124-449e-b520-98241aafff81",
                        "visible": false,
                        "locked": false,
                        "rot": 0.0,
                        "pos": {
                            "x": 1650.0,
                            "y": 21.0
                        },
                        "scale": {
                            "x": 0.074294202029705048,
                            "y": 0.073932923376560211
                        },
                        "align": 5,
                        "bounds_type": 0,
                        "bounds_align": 0,
                        "bounds_crop": false,
                        "bounds": {
                            "x": 0.0,
                            "y": 0.0
                        },
                        "crop_left": 0,
                        "crop_top": 0,
                        "crop_right": 0,
                        "crop_bottom": 0,
                        "id": 44,
                        "group_item_backup": false,
                        "scale_filter": "disable",
                        "blend_method": "default",
                        "blend_type": "normal",
                        "show_transition": {
                            "duration": 0
                        },
                        "hide_transition": {
                            "duration": 0
                        },
                        "private_settings": {}
                    }
                ]
            },
            "mixers": 0,
            "sync": 0,
            "flags": 0,
            "volume": 1.0,
            "balance": 0.5,
            "enabled": true,
            "muted": false,
            "push-to-mute": false,
            "push-to-mute-delay": 0,
            "push-to-talk": false,
            "push-to-talk-delay": 0,
            "hotkeys": {
                "OBSBasic.SelectScene": [
                    {
                        "control": true,
                        "key": "OBS_KEY_3"
                    }
                ],
                "libobs.show_scene_item.42": [],
                "libobs.hide_scene_item.42": [],
                "libobs.show_scene_item.32": [],
                "libobs.hide_scene_item.32": [],
                "libobs.show_scene_item.35": [],
                "libobs.hide_scene_item.35": [],
                "libobs.show_scene_item.10": [],
                "libobs.hide_scene_item.10": [],
                "libobs.show_scene_item.33": [],
                "libobs.hide_scene_item.33": [],
                "libobs.show_scene_item.36": [],
                "libobs.hide_scene_item.36": [],
                "libobs.show_scene_item.37": [],
                "libobs.hide_scene_item.37": [],
                "libobs.show_scene_item.40": [],
                "libobs.hide_scene_item.40": [],
                "libobs.show_scene_item.44": [],
                "libobs.hide_scene_item.44": []
            },
            "deinterlace_mode": 0,
            "deinterlace_field_order": 0,
            "monitoring_type": 0,
            "private_settings": {}
        },
        {
            "prev_ver": 503447555,
            "name": "Camera (Linux & Windows)",
            "uuid": "a3f4ea92-be78-4227-a78b-532d871b7bd6",
            "id": "dshow_input",
            "versioned_id": "dshow_input",
            "settings": {
                "device_id": "/dev/video0",
                "framerate": -1,
                "input": 0,
                "last_resolution": "1920x1080",
                "last_video_device_id": "HD Pro Webcam C920:\\\\?\\usb#22vid_046d&pid_0892&mi_00#227&39735ee&0&0000#22{65e8773d-8f56-11d0-a3b9-00a0c9223196}\\global",
                "pixelformat": 1196444237,
                "resolution": "1920x1080",
                "video_device_id": "HD Pro Webcam C920:\\\\?\\usb#22vid_046d&pid_0892&mi_00#227&39735ee&0&0000#22{65e8773d-8f56-11d0-a3b9-00a0c9223196}\\global",
                "res_type": 1,
                "active": true
            },
            "mixers": 0,
            "sync": 0,
            "flags": 0,
            "volume": 1.0,
            "balance": 0.5,
            "enabled": true,
            "muted": false,
            "push-to-mute": false,
            "push-to-mute-delay": 0,
            "push-to-talk": false,
            "push-to-talk-delay": 0,
            "hotkeys": {
                "libobs.mute": [],
                "libobs.unmute": [],
                "libobs.push-to-mute": [],
                "libobs.push-to-talk": []
            },
            "deinterlace_mode": 0,
            "deinterlace_field_order": 0,
            "monitoring_type": 0,
            "private_settings": {},
            "filters": [
                {
                    "prev_ver": 503447555,
                    "name": "Image Mask/Blend",
                    "uuid": "9a5623bd-be1d-4a13-a396-5856e65bb773",
                    "id": "mask_filter",
                    "versioned_id": "mask_filter_v2",
                    "settings": {
                        "type": "mask_alpha_filter.effect",
                        "image_path": "C:/Users/bensh/Downloads/OBS-JUXT/OBS-JUXT/Rounded.png"
                    },
                    "mixers": 0,
                    "sync": 0,
                    "flags": 0,
                    "volume": 1.0,
                    "balance": 0.5,
                    "enabled": true,
                    "muted": false,
                    "push-to-mute": false,
                    "push-to-mute-delay": 0,
                    "push-to-talk": false,
                    "push-to-talk-delay": 0,
                    "hotkeys": {},
                    "deinterlace_mode": 0,
                    "deinterlace_field_order": 0,
                    "monitoring_type": 0,
                    "private_settings": {}
                }
            ]
        },
        {
            "prev_ver": 503447555,
            "name": "Camera (Mac & Windows)",
            "uuid": "f51667a8-0c63-47e0-9763-9b6101b04e9f",
            "id": "dshow_input",
            "versioned_id": "dshow_input",
            "settings": {
                "device": "FDF90FEB-59E5-4FCF-AABD-DA03C4E19BFB",
                "device_name": "FaceTime HD Camera",
                "last_resolution": "1920x1080",
                "last_video_device_id": "HD Pro Webcam C920:\\\\?\\usb#22vid_046d&pid_0892&mi_00#227&39735ee&0&0000#22{65e8773d-8f56-11d0-a3b9-00a0c9223196}\\global",
                "preset": "AVCaptureSessionPresetHigh",
                "resolution": "1920x1080",
                "undo_uuid": "f51667a8-0c63-47e0-9763-9b6101b04e9f",
                "video_device_id": "HD Pro Webcam C920:\\\\?\\usb#22vid_046d&pid_0892&mi_00#227&39735ee&0&0000#22{65e8773d-8f56-11d0-a3b9-00a0c9223196}\\global",
                "frame_interval": 333333,
                "res_type": 1,
                "active": false
            },
            "mixers": 0,
            "sync": 0,
            "flags": 0,
            "volume": 1.0,
            "balance": 0.5,
            "enabled": true,
            "muted": false,
            "push-to-mute": false,
            "push-to-mute-delay": 0,
            "push-to-talk": false,
            "push-to-talk-delay": 0,
            "hotkeys": {
                "libobs.mute": [],
                "libobs.unmute": [],
                "libobs.push-to-mute": [],
                "libobs.push-to-talk": []
            },
            "deinterlace_mode": 0,
            "deinterlace_field_order": 0,
            "monitoring_type": 0,
            "private_settings": {},
            "filters": [
                {
                    "prev_ver": 503447555,
                    "name": "Image Mask/Blend",
                    "uuid": "7674011d-b46d-4d43-aef6-9ed5ba6d71c6",
                    "id": "mask_filter",
                    "versioned_id": "mask_filter",
                    "settings": {
                        "stretch": false,
                        "type": "mask_alpha_filter.effect",
                        "opacity": 100,
                        "image_path": "C:/Users/bensh/Downloads/OBS-JUXT/OBS-JUXT/Rounded.png"
                    },
                    "mixers": 0,
                    "sync": 0,
                    "flags": 0,
                    "volume": 1.0,
                    "balance": 0.5,
                    "enabled": true,
                    "muted": false,
                    "push-to-mute": false,
                    "push-to-mute-delay": 0,
                    "push-to-talk": false,
                    "push-to-talk-delay": 0,
                    "hotkeys": {},
                    "deinterlace_mode": 0,
                    "deinterlace_field_order": 0,
                    "monitoring_type": 0,
                    "private_settings": {}
                }
            ]
        },
        {
            "prev_ver": 503447555,
            "name": "Intro (Ctrl + 1)",
            "uuid": "3f9dcc46-1f84-40ef-9620-3cbcf3c19176",
            "id": "scene",
            "versioned_id": "scene",
            "settings": {
                "custom_size": false,
                "id_counter": 10,
                "items": [
                    {
                        "name": "Intro Image",
                        "source_uuid": "e4296ad2-483b-45cf-81ca-eeae1529edf9",
                        "visible": true,
                        "locked": false,
                        "rot": 0.0,
                        "pos": {
                            "x": 0.0,
                            "y": 0.0
                        },
                        "scale": {
                            "x": 1.0,
                            "y": 1.0
                        },
                        "align": 5,
                        "bounds_type": 2,
                        "bounds_align": 0,
                        "bounds_crop": false,
                        "bounds": {
                            "x": 1920.0,
                            "y": 1080.0
                        },
                        "crop_left": 0,
                        "crop_top": 0,
                        "crop_right": 0,
                        "crop_bottom": 0,
                        "id": 1,
                        "group_item_backup": false,
                        "scale_filter": "disable",
                        "blend_method": "default",
                        "blend_type": "normal",
                        "show_transition": {
                            "duration": 0
                        },
                        "hide_transition": {
                            "duration": 0
                        },
                        "private_settings": {}
                    },
                    {
                        "name": "Main Title",
                        "source_uuid": "963f6cd5-e9fc-4a21-9e50-b41117761dcc",
                        "visible": true,
                        "locked": false,
                        "rot": 0.0,
                        "pos": {
                            "x": 160.0,
                            "y": 184.0
                        },
                        "scale": {
                            "x": 0.95488721132278442,
                            "y": 0.95474135875701904
                        },
                        "align": 5,
                        "bounds_type": 0,
                        "bounds_align": 0,
                        "bounds_crop": false,
                        "bounds": {
                            "x": 0.0,
                            "y": 0.0
                        },
                        "crop_left": 0,
                        "crop_top": 0,
                        "crop_right": 0,
                        "crop_bottom": 0,
                        "id": 4,
                        "group_item_backup": false,
                        "scale_filter": "disable",
                        "blend_method": "default",
                        "blend_type": "normal",
                        "show_transition": {
                            "duration": 0
                        },
                        "hide_transition": {
                            "duration": 0
                        },
                        "private_settings": {}
                    },
                    {
                        "name": "JUXT Logo",
                        "source_uuid": "a2d300e9-052a-496d-9cf2-ad399e22c65d",
                        "visible": true,
                        "locked": false,
                        "rot": 0.0,
                        "pos": {
                            "x": 1650.0,
                            "y": 21.0
                        },
                        "scale": {
                            "x": 0.17146776616573334,
                            "y": 0.17120000720024109
                        },
                        "align": 5,
                        "bounds_type": 0,
                        "bounds_align": 0,
                        "bounds_crop": false,
                        "bounds": {
                            "x": 0.0,
                            "y": 0.0
                        },
                        "crop_left": 0,
                        "crop_top": 0,
                        "crop_right": 0,
                        "crop_bottom": 0,
                        "id": 5,
                        "group_item_backup": false,
                        "scale_filter": "disable",
                        "blend_method": "default",
                        "blend_type": "normal",
                        "show_transition": {
                            "duration": 0
                        },
                        "hide_transition": {
                            "duration": 0
                        },
                        "private_settings": {}
                    },
                    {
                        "name": "XTDB Logo",
                        "source_uuid": "85383c60-2124-449e-b520-98241aafff81",
                        "visible": false,
                        "locked": false,
                        "rot": 0.0,
                        "pos": {
                            "x": 1650.0,
                            "y": 21.0
                        },
                        "scale": {
                            "x": 0.074294202029705048,
                            "y": 0.073932923376560211
                        },
                        "align": 5,
                        "bounds_type": 0,
                        "bounds_align": 0,
                        "bounds_crop": false,
                        "bounds": {
                            "x": 0.0,
                            "y": 0.0
                        },
                        "crop_left": 0,
                        "crop_top": 0,
                        "crop_right": 0,
                        "crop_bottom": 0,
                        "id": 10,
                        "group_item_backup": false,
                        "scale_filter": "disable",
                        "blend_method": "default",
                        "blend_type": "normal",
                        "show_transition": {
                            "duration": 0
                        },
                        "hide_transition": {
                            "duration": 0
                        },
                        "private_settings": {}
                    }
                ]
            },
            "mixers": 0,
            "sync": 0,
            "flags": 0,
            "volume": 1.0,
            "balance": 0.5,
            "enabled": true,
            "muted": false,
            "push-to-mute": false,
            "push-to-mute-delay": 0,
            "push-to-talk": false,
            "push-to-talk-delay": 0,
            "hotkeys": {
                "OBSBasic.SelectScene": [
                    {
                        "control": true,
                        "key": "OBS_KEY_1"
                    }
                ],
                "libobs.show_scene_item.1": [],
                "libobs.hide_scene_item.1": [],
                "libobs.show_scene_item.4": [],
                "libobs.hide_scene_item.4": [],
                "libobs.show_scene_item.5": [],
                "libobs.hide_scene_item.5": [],
                "libobs.show_scene_item.10": [],
                "libobs.hide_scene_item.10": []
            },
            "deinterlace_mode": 0,
            "deinterlace_field_order": 0,
            "monitoring_type": 0,
            "private_settings": {}
        },
        {
            "prev_ver": 503447555,
            "name": "Intro Image",
            "uuid": "e4296ad2-483b-45cf-81ca-eeae1529edf9",
            "id": "image_source",
            "versioned_id": "image_source",
            "settings": {
                "file": "C:/Users/bensh/Downloads/OBS-JUXT/OBS-JUXT/Intro.png"
            },
            "mixers": 0,
            "sync": 0,
            "flags": 0,
            "volume": 1.0,
            "balance": 0.5,
            "enabled": true,
            "muted": false,
            "push-to-mute": false,
            "push-to-mute-delay": 0,
            "push-to-talk": false,
            "push-to-talk-delay": 0,
            "hotkeys": {},
            "deinterlace_mode": 0,
            "deinterlace_field_order": 0,
            "monitoring_type": 0,
            "private_settings": {}
        },
        {
            "prev_ver": 503447555,
            "name": "Job Title",
            "uuid": "85ae5343-5372-4960-82fb-bf82778188de",
            "id": "text_gdiplus",
            "versioned_id": "text_gdiplus_v3",
            "settings": {
                "text": "{ Your Job TItle }",
                "undo_uuid": "85ae5343-5372-4960-82fb-bf82778188de",
                "font": {
                    "face": "InterFace Trial",
                    "flags": 0,
                    "size": 256,
                    "style": "Regular"
                },
                "align": "left",
                "valign": "center"
            },
            "mixers": 0,
            "sync": 0,
            "flags": 0,
            "volume": 1.0,
            "balance": 0.5,
            "enabled": true,
            "muted": false,
            "push-to-mute": false,
            "push-to-mute-delay": 0,
            "push-to-talk": false,
            "push-to-talk-delay": 0,
            "hotkeys": {},
            "deinterlace_mode": 0,
            "deinterlace_field_order": 0,
            "monitoring_type": 0,
            "private_settings": {}
        },
        {
            "prev_ver": 503447555,
            "name": "JUXT Logo",
            "uuid": "a2d300e9-052a-496d-9cf2-ad399e22c65d",
            "id": "image_source",
            "versioned_id": "image_source",
            "settings": {
                "file": "C:/Users/bensh/Downloads/OBS-JUXT/OBS-JUXT/JUXT Logo.png"
            },
            "mixers": 0,
            "sync": 0,
            "flags": 0,
            "volume": 1.0,
            "balance": 0.5,
            "enabled": true,
            "muted": false,
            "push-to-mute": false,
            "push-to-mute-delay": 0,
            "push-to-talk": false,
            "push-to-talk-delay": 0,
            "hotkeys": {},
            "deinterlace_mode": 0,
            "deinterlace_field_order": 0,
            "monitoring_type": 0,
            "private_settings": {}
        },
        {
            "prev_ver": 503447555,
            "name": "Main Title",
            "uuid": "963f6cd5-e9fc-4a21-9e50-b41117761dcc",
            "id": "text_gdiplus",
            "versioned_id": "text_gdiplus_v3",
            "settings": {
                "text": "{ Your\nTitle Here }",
                "undo_uuid": "963f6cd5-e9fc-4a21-9e50-b41117761dcc",
                "font": {
                    "face": "InterFace Trial",
                    "flags": 0,
                    "size": 256,
                    "style": "Regular"
                }
            },
            "mixers": 0,
            "sync": 0,
            "flags": 0,
            "volume": 1.0,
            "balance": 0.5,
            "enabled": true,
            "muted": false,
            "push-to-mute": false,
            "push-to-mute-delay": 0,
            "push-to-talk": false,
            "push-to-talk-delay": 0,
            "hotkeys": {},
            "deinterlace_mode": 0,
            "deinterlace_field_order": 0,
            "monitoring_type": 0,
            "private_settings": {}
        },
        {
            "prev_ver": 503447555,
            "name": "Name",
            "uuid": "80eb91bd-7136-43d5-b64d-75bc79067d27",
            "id": "text_gdiplus",
            "versioned_id": "text_gdiplus_v3",
            "settings": {
                "chatlog": false,
                "text": "{ Your Name }",
                "vertical": false,
                "font": {
                    "face": "InterFace Trial",
                    "flags": 0,
                    "size": 256,
                    "style": "Regular"
                },
                "align": "left",
                "valign": "center"
            },
            "mixers": 0,
            "sync": 0,
            "flags": 0,
            "volume": 1.0,
            "balance": 0.5,
            "enabled": true,
            "muted": false,
            "push-to-mute": false,
            "push-to-mute-delay": 0,
            "push-to-talk": false,
            "push-to-talk-delay": 0,
            "hotkeys": {},
            "deinterlace_mode": 0,
            "deinterlace_field_order": 0,
            "monitoring_type": 0,
            "private_settings": {}
        },
        {
            "prev_ver": 503447555,
            "name": "Outro (Ctrl + 5)",
            "uuid": "a46c4081-0be7-4c2c-8f46-463f7f3c7321",
            "id": "scene",
            "versioned_id": "scene",
            "settings": {
                "custom_size": false,
                "id_counter": 5,
                "items": [
                    {
                        "name": "Outro Image",
                        "source_uuid": "46c7d77e-8775-42d6-a3f0-61be84762d64",
                        "visible": true,
                        "locked": false,
                        "rot": 0.0,
                        "pos": {
                            "x": 0.0,
                            "y": 0.0
                        },
                        "scale": {
                            "x": 1.0,
                            "y": 1.0
                        },
                        "align": 5,
                        "bounds_type": 0,
                        "bounds_align": 0,
                        "bounds_crop": false,
                        "bounds": {
                            "x": 0.0,
                            "y": 0.0
                        },
                        "crop_left": 0,
                        "crop_top": 0,
                        "crop_right": 0,
                        "crop_bottom": 0,
                        "id": 3,
                        "group_item_backup": false,
                        "scale_filter": "disable",
                        "blend_method": "default",
                        "blend_type": "normal",
                        "show_transition": {
                            "duration": 0
                        },
                        "hide_transition": {
                            "duration": 0
                        },
                        "private_settings": {}
                    },
                    {
                        "name": "JUXT Logo",
                        "source_uuid": "a2d300e9-052a-496d-9cf2-ad399e22c65d",
                        "visible": true,
                        "locked": false,
                        "rot": 0.0,
                        "pos": {
                            "x": 1650.0,
                            "y": 21.0
                        },
                        "scale": {
                            "x": 0.17146776616573334,
                            "y": 0.17120000720024109
                        },
                        "align": 5,
                        "bounds_type": 0,
                        "bounds_align": 0,
                        "bounds_crop": false,
                        "bounds": {
                            "x": 0.0,
                            "y": 0.0
                        },
                        "crop_left": 0,
                        "crop_top": 0,
                        "crop_right": 0,
                        "crop_bottom": 0,
                        "id": 4,
                        "group_item_backup": false,
                        "scale_filter": "disable",
                        "blend_method": "default",
                        "blend_type": "normal",
                        "show_transition": {
                            "duration": 0
                        },
                        "hide_transition": {
                            "duration": 0
                        },
                        "private_settings": {}
                    },
                    {
                        "name": "XTDB Logo",
                        "source_uuid": "85383c60-2124-449e-b520-98241aafff81",
                        "visible": false,
                        "locked": false,
                        "rot": 0.0,
                        "pos": {
                            "x": 1650.0,
                            "y": 21.0
                        },
                        "scale": {
                            "x": 0.074294202029705048,
                            "y": 0.073932923376560211
                        },
                        "align": 5,
                        "bounds_type": 0,
                        "bounds_align": 0,
                        "bounds_crop": false,
                        "bounds": {
                            "x": 0.0,
                            "y": 0.0
                        },
                        "crop_left": 0,
                        "crop_top": 0,
                        "crop_right": 0,
                        "crop_bottom": 0,
                        "id": 5,
                        "group_item_backup": false,
                        "scale_filter": "disable",
                        "blend_method": "default",
                        "blend_type": "normal",
                        "show_transition": {
                            "duration": 0
                        },
                        "hide_transition": {
                            "duration": 0
                        },
                        "private_settings": {}
                    }
                ]
            },
            "mixers": 0,
            "sync": 0,
            "flags": 0,
            "volume": 1.0,
            "balance": 0.5,
            "enabled": true,
            "muted": false,
            "push-to-mute": false,
            "push-to-mute-delay": 0,
            "push-to-talk": false,
            "push-to-talk-delay": 0,
            "hotkeys": {
                "OBSBasic.SelectScene": [
                    {
                        "control": true,
                        "key": "OBS_KEY_5"
                    }
                ],
                "libobs.show_scene_item.3": [],
                "libobs.hide_scene_item.3": [],
                "libobs.show_scene_item.4": [],
                "libobs.hide_scene_item.4": [],
                "libobs.show_scene_item.5": [],
                "libobs.hide_scene_item.5": []
            },
            "deinterlace_mode": 0,
            "deinterlace_field_order": 0,
            "monitoring_type": 0,
            "private_settings": {}
        },
        {
            "prev_ver": 503447555,
            "name": "Outro Image",
            "uuid": "46c7d77e-8775-42d6-a3f0-61be84762d64",
            "id": "image_source",
            "versioned_id": "image_source",
            "settings": {
                "undo_uuid": "46c7d77e-8775-42d6-a3f0-61be84762d64",
                "file": "C:/Users/bensh/Downloads/OBS-JUXT/OBS-JUXT/Outro.png"
            },
            "mixers": 0,
            "sync": 0,
            "flags": 0,
            "volume": 1.0,
            "balance": 0.5,
            "enabled": true,
            "muted": false,
            "push-to-mute": false,
            "push-to-mute-delay": 0,
            "push-to-talk": false,
            "push-to-talk-delay": 0,
            "hotkeys": {},
            "deinterlace_mode": 0,
            "deinterlace_field_order": 0,
            "monitoring_type": 0,
            "private_settings": {}
        },
        {
            "prev_ver": 503447555,
            "name": "Record Screen (Linux)",
            "uuid": "8eaf65da-9270-475e-9b54-252155eea8fc",
            "id": "pipewire-screen-capture-source",
            "versioned_id": "pipewire-screen-capture-source",
            "settings": {
                "RestoreToken": "06c7c618-de92-411f-b47c-beaa239361f9"
            },
            "mixers": 0,
            "sync": 0,
            "flags": 0,
            "volume": 1.0,
            "balance": 0.5,
            "enabled": true,
            "muted": false,
            "push-to-mute": false,
            "push-to-mute-delay": 0,
            "push-to-talk": false,
            "push-to-talk-delay": 0,
            "hotkeys": {},
            "deinterlace_mode": 0,
            "deinterlace_field_order": 0,
            "monitoring_type": 0,
            "private_settings": {}
        },
        {
            "prev_ver": 503447555,
            "name": "Record Screen (Mac)",
            "uuid": "c9fa5200-caf4-44b4-b0af-de1d8e3273a8",
            "id": "screen_capture",
            "versioned_id": "screen_capture",
            "settings": {},
            "mixers": 255,
            "sync": 0,
            "flags": 0,
            "volume": 1.0,
            "balance": 0.5,
            "enabled": true,
            "muted": false,
            "push-to-mute": false,
            "push-to-mute-delay": 0,
            "push-to-talk": false,
            "push-to-talk-delay": 0,
            "hotkeys": {
                "libobs.mute": [],
                "libobs.push-to-mute": [],
                "libobs.push-to-talk": [],
                "libobs.unmute": []
            },
            "deinterlace_mode": 0,
            "deinterlace_field_order": 0,
            "monitoring_type": 0,
            "private_settings": {}
        },
        {
            "prev_ver": 503447555,
            "name": "Record Screen (Windows)",
            "uuid": "bc4a3f20-6ad4-4ed1-be7c-0e9642de4d7d",
            "id": "monitor_capture",
            "versioned_id": "monitor_capture",
            "settings": {
                "monitor_id": "\\\\?\\DISPLAY#AUO80ED#4&305eb2cc&0&UID8388688#{e6f07b5f-ee97-4a90-b076-33f57bf4eaa7}"
            },
            "mixers": 0,
            "sync": 0,
            "flags": 0,
            "volume": 1.0,
            "balance": 0.5,
            "enabled": true,
            "muted": false,
            "push-to-mute": false,
            "push-to-mute-delay": 0,
            "push-to-talk": false,
            "push-to-talk-delay": 0,
            "hotkeys": {},
            "deinterlace_mode": 0,
            "deinterlace_field_order": 0,
            "monitoring_type": 0,
            "private_settings": {}
        },
        {
            "prev_ver": 503447555,
            "name": "Screen (Ctrl + 4)",
            "uuid": "3973b5a6-5c9b-49a6-9450-0eeff0a465f9",
            "id": "scene",
            "versioned_id": "scene",
            "settings": {
                "custom_size": false,
                "id_counter": 28,
                "items": [
                    {
                        "name": "Record Screen (Mac)",
                        "source_uuid": "c9fa5200-caf4-44b4-b0af-de1d8e3273a8",
                        "visible": true,
                        "locked": false,
                        "rot": 0.0,
                        "pos": {
                            "x": 0.0,
                            "y": 0.0
                        },
                        "scale": {
                            "x": 1.0,
                            "y": 1.0
                        },
                        "align": 5,
                        "bounds_type": 1,
                        "bounds_align": 0,
                        "bounds_crop": false,
                        "bounds": {
                            "x": 1920.0,
                            "y": 1080.0
                        },
                        "crop_left": 0,
                        "crop_top": 0,
                        "crop_right": 0,
                        "crop_bottom": 0,
                        "id": 27,
                        "group_item_backup": false,
                        "scale_filter": "disable",
                        "blend_method": "default",
                        "blend_type": "normal",
                        "show_transition": {
                            "duration": 0
                        },
                        "hide_transition": {
                            "duration": 0
                        },
                        "private_settings": {}
                    },
                    {
                        "name": "Record Screen (Linux)",
                        "source_uuid": "8eaf65da-9270-475e-9b54-252155eea8fc",
                        "visible": true,
                        "locked": false,
                        "rot": 0.0,
                        "pos": {
                            "x": 0.0,
                            "y": 0.0
                        },
                        "scale": {
                            "x": 1.0,
                            "y": 1.0
                        },
                        "align": 5,
                        "bounds_type": 1,
                        "bounds_align": 0,
                        "bounds_crop": false,
                        "bounds": {
                            "x": 1920.0,
                            "y": 1080.0
                        },
                        "crop_left": 0,
                        "crop_top": 0,
                        "crop_right": 0,
                        "crop_bottom": 0,
                        "id": 15,
                        "group_item_backup": false,
                        "scale_filter": "disable",
                        "blend_method": "default",
                        "blend_type": "normal",
                        "show_transition": {
                            "duration": 0
                        },
                        "hide_transition": {
                            "duration": 0
                        },
                        "private_settings": {}
                    },
                    {
                        "name": "Record Screen (Windows)",
                        "source_uuid": "bc4a3f20-6ad4-4ed1-be7c-0e9642de4d7d",
                        "visible": true,
                        "locked": false,
                        "rot": 0.0,
                        "pos": {
                            "x": 0.0,
                            "y": 0.0
                        },
                        "scale": {
                            "x": 1.0,
                            "y": 1.0
                        },
                        "align": 5,
                        "bounds_type": 0,
                        "bounds_align": 0,
                        "bounds_crop": false,
                        "bounds": {
                            "x": 0.0,
                            "y": 0.0
                        },
                        "crop_left": 0,
                        "crop_top": 0,
                        "crop_right": 0,
                        "crop_bottom": 0,
                        "id": 21,
                        "group_item_backup": false,
                        "scale_filter": "disable",
                        "blend_method": "default",
                        "blend_type": "normal",
                        "show_transition": {
                            "duration": 0
                        },
                        "hide_transition": {
                            "duration": 0
                        },
                        "private_settings": {}
                    },
                    {
                        "name": "Audio Output Capture",
                        "source_uuid": "44b4387b-daad-44a4-92fb-a65d6d90322c",
                        "visible": true,
                        "locked": false,
                        "rot": 0.0,
                        "pos": {
                            "x": 0.0,
                            "y": 0.0
                        },
                        "scale": {
                            "x": 1.0,
                            "y": 1.0
                        },
                        "align": 5,
                        "bounds_type": 0,
                        "bounds_align": 0,
                        "bounds_crop": false,
                        "bounds": {
                            "x": 0.0,
                            "y": 0.0
                        },
                        "crop_left": 0,
                        "crop_top": 0,
                        "crop_right": 0,
                        "crop_bottom": 0,
                        "id": 22,
                        "group_item_backup": false,
                        "scale_filter": "disable",
                        "blend_method": "default",
                        "blend_type": "normal",
                        "show_transition": {
                            "duration": 0
                        },
                        "hide_transition": {
                            "duration": 0
                        },
                        "private_settings": {}
                    },
                    {
                        "name": "Audio Input Capture",
                        "source_uuid": "ac84e9a0-6159-468f-acad-57945f0c065d",
                        "visible": true,
                        "locked": false,
                        "rot": 0.0,
                        "pos": {
                            "x": 0.0,
                            "y": 0.0
                        },
                        "scale": {
                            "x": 1.0,
                            "y": 1.0
                        },
                        "align": 5,
                        "bounds_type": 0,
                        "bounds_align": 0,
                        "bounds_crop": false,
                        "bounds": {
                            "x": 0.0,
                            "y": 0.0
                        },
                        "crop_left": 0,
                        "crop_top": 0,
                        "crop_right": 0,
                        "crop_bottom": 0,
                        "id": 23,
                        "group_item_backup": false,
                        "scale_filter": "disable",
                        "blend_method": "default",
                        "blend_type": "normal",
                        "show_transition": {
                            "duration": 0
                        },
                        "hide_transition": {
                            "duration": 0
                        },
                        "private_settings": {}
                    },
                    {
                        "name": "JUXT Logo",
                        "source_uuid": "a2d300e9-052a-496d-9cf2-ad399e22c65d",
                        "visible": true,
                        "locked": false,
                        "rot": 0.0,
                        "pos": {
                            "x": 1650.0,
                            "y": 21.0
                        },
                        "scale": {
                            "x": 0.17146776616573334,
                            "y": 0.17120000720024109
                        },
                        "align": 5,
                        "bounds_type": 0,
                        "bounds_align": 0,
                        "bounds_crop": false,
                        "bounds": {
                            "x": 0.0,
                            "y": 0.0
                        },
                        "crop_left": 0,
                        "crop_top": 0,
                        "crop_right": 0,
                        "crop_bottom": 0,
                        "id": 26,
                        "group_item_backup": false,
                        "scale_filter": "disable",
                        "blend_method": "default",
                        "blend_type": "normal",
                        "show_transition": {
                            "duration": 0
                        },
                        "hide_transition": {
                            "duration": 0
                        },
                        "private_settings": {}
                    },
                    {
                        "name": "XTDB Logo",
                        "source_uuid": "85383c60-2124-449e-b520-98241aafff81",
                        "visible": false,
                        "locked": false,
                        "rot": 0.0,
                        "pos": {
                            "x": 1650.0,
                            "y": 21.0
                        },
                        "scale": {
                            "x": 0.074294202029705048,
                            "y": 0.073932923376560211
                        },
                        "align": 5,
                        "bounds_type": 0,
                        "bounds_align": 0,
                        "bounds_crop": false,
                        "bounds": {
                            "x": 0.0,
                            "y": 0.0
                        },
                        "crop_left": 0,
                        "crop_top": 0,
                        "crop_right": 0,
                        "crop_bottom": 0,
                        "id": 28,
                        "group_item_backup": false,
                        "scale_filter": "disable",
                        "blend_method": "default",
                        "blend_type": "normal",
                        "show_transition": {
                            "duration": 0
                        },
                        "hide_transition": {
                            "duration": 0
                        },
                        "private_settings": {}
                    }
                ]
            },
            "mixers": 0,
            "sync": 0,
            "flags": 0,
            "volume": 1.0,
            "balance": 0.5,
            "enabled": true,
            "muted": false,
            "push-to-mute": false,
            "push-to-mute-delay": 0,
            "push-to-talk": false,
            "push-to-talk-delay": 0,
            "hotkeys": {
                "OBSBasic.SelectScene": [
                    {
                        "control": true,
                        "key": "OBS_KEY_4"
                    }
                ],
                "libobs.show_scene_item.27": [],
                "libobs.hide_scene_item.27": [],
                "libobs.show_scene_item.15": [],
                "libobs.hide_scene_item.15": [],
                "libobs.show_scene_item.21": [],
                "libobs.hide_scene_item.21": [],
                "libobs.show_scene_item.22": [],
                "libobs.hide_scene_item.22": [],
                "libobs.show_scene_item.23": [],
                "libobs.hide_scene_item.23": [],
                "libobs.show_scene_item.26": [],
                "libobs.hide_scene_item.26": [],
                "libobs.show_scene_item.28": [],
                "libobs.hide_scene_item.28": []
            },
            "deinterlace_mode": 0,
            "deinterlace_field_order": 0,
            "monitoring_type": 0,
            "private_settings": {
                "transition": ""
            }
        },
        {
            "prev_ver": 503447555,
            "name": "Sub Title",
            "uuid": "55e60526-716d-4b67-8d6d-72a0be18cbf4",
            "id": "text_gdiplus",
            "versioned_id": "text_gdiplus_v3",
            "settings": {
                "text": "{ Your Longer \nSub Title Here }",
                "font": {
                    "face": "InterFace Trial",
                    "flags": 0,
                    "size": 256,
                    "style": "Regular"
                },
                "align": "center"
            },
            "mixers": 0,
            "sync": 0,
            "flags": 0,
            "volume": 1.0,
            "balance": 0.5,
            "enabled": true,
            "muted": false,
            "push-to-mute": false,
            "push-to-mute-delay": 0,
            "push-to-talk": false,
            "push-to-talk-delay": 0,
            "hotkeys": {},
            "deinterlace_mode": 0,
            "deinterlace_field_order": 0,
            "monitoring_type": 0,
            "private_settings": {}
        },
        {
            "prev_ver": 503447555,
            "name": "Webcam (Ctrl + 2)",
            "uuid": "beca2bcc-28e6-495a-bbef-aed1ef47564e",
            "id": "scene",
            "versioned_id": "scene",
            "settings": {
                "custom_size": false,
                "id_counter": 20,
                "items": [
                    {
                        "name": "Webcam Image",
                        "source_uuid": "715ff8f7-8916-4db2-a4fb-533643930285",
                        "visible": true,
                        "locked": false,
                        "rot": 0.0,
                        "pos": {
                            "x": 0.0,
                            "y": 0.0
                        },
                        "scale": {
                            "x": 1.0,
                            "y": 1.0
                        },
                        "align": 5,
                        "bounds_type": 0,
                        "bounds_align": 0,
                        "bounds_crop": false,
                        "bounds": {
                            "x": 0.0,
                            "y": 0.0
                        },
                        "crop_left": 0,
                        "crop_top": 0,
                        "crop_right": 0,
                        "crop_bottom": 0,
                        "id": 15,
                        "group_item_backup": false,
                        "scale_filter": "disable",
                        "blend_method": "default",
                        "blend_type": "normal",
                        "show_transition": {
                            "duration": 0
                        },
                        "hide_transition": {
                            "duration": 0
                        },
                        "private_settings": {}
                    },
                    {
                        "name": "Job Title",
                        "source_uuid": "85ae5343-5372-4960-82fb-bf82778188de",
                        "visible": true,
                        "locked": false,
                        "rot": 0.0,
                        "pos": {
                            "x": 1238.0,
                            "y": 680.0
                        },
                        "scale": {
                            "x": 0.29795917868614197,
                            "y": 0.296875
                        },
                        "align": 5,
                        "bounds_type": 0,
                        "bounds_align": 0,
                        "bounds_crop": false,
                        "bounds": {
                            "x": 0.0,
                            "y": 0.0
                        },
                        "crop_left": 0,
                        "crop_top": 0,
                        "crop_right": 0,
                        "crop_bottom": 0,
                        "id": 18,
                        "group_item_backup": false,
                        "scale_filter": "disable",
                        "blend_method": "default",
                        "blend_type": "normal",
                        "show_transition": {
                            "duration": 0
                        },
                        "hide_transition": {
                            "duration": 0
                        },
                        "private_settings": {}
                    },
                    {
                        "name": "Name",
                        "source_uuid": "80eb91bd-7136-43d5-b64d-75bc79067d27",
                        "visible": true,
                        "locked": false,
                        "rot": 0.0,
                        "pos": {
                            "x": 1238.0,
                            "y": 604.0
                        },
                        "scale": {
                            "x": 0.29795917868614197,
                            "y": 0.296875
                        },
                        "align": 5,
                        "bounds_type": 0,
                        "bounds_align": 0,
                        "bounds_crop": false,
                        "bounds": {
                            "x": 0.0,
                            "y": 0.0
                        },
                        "crop_left": 0,
                        "crop_top": 0,
                        "crop_right": 0,
                        "crop_bottom": 0,
                        "id": 16,
                        "group_item_backup": false,
                        "scale_filter": "disable",
                        "blend_method": "default",
                        "blend_type": "normal",
                        "show_transition": {
                            "duration": 0
                        },
                        "hide_transition": {
                            "duration": 0
                        },
                        "private_settings": {}
                    },
                    {
                        "name": "Sub Title",
                        "source_uuid": "55e60526-716d-4b67-8d6d-72a0be18cbf4",
                        "visible": true,
                        "locked": false,
                        "rot": 0.0,
                        "pos": {
                            "x": 53.0,
                            "y": 311.0
                        },
                        "scale": {
                            "x": 0.54752850532531738,
                            "y": 0.54741376638412476
                        },
                        "align": 5,
                        "bounds_type": 0,
                        "bounds_align": 0,
                        "bounds_crop": false,
                        "bounds": {
                            "x": 0.0,
                            "y": 0.0
                        },
                        "crop_left": 0,
                        "crop_top": 0,
                        "crop_right": 0,
                        "crop_bottom": 0,
                        "id": 9,
                        "group_item_backup": false,
                        "scale_filter": "disable",
                        "blend_method": "default",
                        "blend_type": "normal",
                        "show_transition": {
                            "duration": 0
                        },
                        "hide_transition": {
                            "duration": 0
                        },
                        "private_settings": {}
                    },
                    {
                        "name": "Camera (Mac & Windows)",
                        "source_uuid": "f51667a8-0c63-47e0-9763-9b6101b04e9f",
                        "visible": true,
                        "locked": false,
                        "rot": 0.0,
                        "pos": {
                            "x": 1244.0,
                            "y": 257.0
                        },
                        "scale": {
                            "x": 1.0,
                            "y": 1.0
                        },
                        "align": 5,
                        "bounds_type": 2,
                        "bounds_align": 0,
                        "bounds_crop": false,
                        "bounds": {
                            "x": 513.0,
                            "y": 360.0
                        },
                        "crop_left": 0,
                        "crop_top": 0,
                        "crop_right": 0,
                        "crop_bottom": 0,
                        "id": 11,
                        "group_item_backup": false,
                        "scale_filter": "disable",
                        "blend_method": "default",
                        "blend_type": "normal",
                        "show_transition": {
                            "duration": 0
                        },
                        "hide_transition": {
                            "duration": 0
                        },
                        "private_settings": {}
                    },
                    {
                        "name": "Camera (Linux & Windows)",
                        "source_uuid": "a3f4ea92-be78-4227-a78b-532d871b7bd6",
                        "visible": true,
                        "locked": false,
                        "rot": 0.0,
                        "pos": {
                            "x": 1244.0,
                            "y": 247.0
                        },
                        "scale": {
                            "x": 1.0,
                            "y": 1.0
                        },
                        "align": 5,
                        "bounds_type": 2,
                        "bounds_align": 0,
                        "bounds_crop": false,
                        "bounds": {
                            "x": 503.0,
                            "y": 387.0
                        },
                        "crop_left": 0,
                        "crop_top": 0,
                        "crop_right": 0,
                        "crop_bottom": 0,
                        "id": 4,
                        "group_item_backup": false,
                        "scale_filter": "disable",
                        "blend_method": "default",
                        "blend_type": "normal",
                        "show_transition": {
                            "duration": 0
                        },
                        "hide_transition": {
                            "duration": 0
                        },
                        "private_settings": {}
                    },
                    {
                        "name": "Audio Output Capture",
                        "source_uuid": "44b4387b-daad-44a4-92fb-a65d6d90322c",
                        "visible": true,
                        "locked": false,
                        "rot": 0.0,
                        "pos": {
                            "x": 0.0,
                            "y": 0.0
                        },
                        "scale": {
                            "x": 1.0,
                            "y": 1.0
                        },
                        "align": 5,
                        "bounds_type": 0,
                        "bounds_align": 0,
                        "bounds_crop": false,
                        "bounds": {
                            "x": 0.0,
                            "y": 0.0
                        },
                        "crop_left": 0,
                        "crop_top": 0,
                        "crop_right": 0,
                        "crop_bottom": 0,
                        "id": 13,
                        "group_item_backup": false,
                        "scale_filter": "disable",
                        "blend_method": "default",
                        "blend_type": "normal",
                        "show_transition": {
                            "duration": 0
                        },
                        "hide_transition": {
                            "duration": 0
                        },
                        "private_settings": {}
                    },
                    {
                        "name": "Audio Input Capture",
                        "source_uuid": "ac84e9a0-6159-468f-acad-57945f0c065d",
                        "visible": true,
                        "locked": false,
                        "rot": 0.0,
                        "pos": {
                            "x": 0.0,
                            "y": 0.0
                        },
                        "scale": {
                            "x": 1.0,
                            "y": 1.0
                        },
                        "align": 5,
                        "bounds_type": 0,
                        "bounds_align": 0,
                        "bounds_crop": false,
                        "bounds": {
                            "x": 0.0,
                            "y": 0.0
                        },
                        "crop_left": 0,
                        "crop_top": 0,
                        "crop_right": 0,
                        "crop_bottom": 0,
                        "id": 12,
                        "group_item_backup": false,
                        "scale_filter": "disable",
                        "blend_method": "default",
                        "blend_type": "normal",
                        "show_transition": {
                            "duration": 0
                        },
                        "hide_transition": {
                            "duration": 0
                        },
                        "private_settings": {}
                    },
                    {
                        "name": "JUXT Logo",
                        "source_uuid": "a2d300e9-052a-496d-9cf2-ad399e22c65d",
                        "visible": true,
                        "locked": false,
                        "rot": 0.0,
                        "pos": {
                            "x": 1650.0,
                            "y": 21.0
                        },
                        "scale": {
                            "x": 0.17146776616573334,
                            "y": 0.17120000720024109
                        },
                        "align": 5,
                        "bounds_type": 0,
                        "bounds_align": 0,
                        "bounds_crop": false,
                        "bounds": {
                            "x": 0.0,
                            "y": 0.0
                        },
                        "crop_left": 0,
                        "crop_top": 0,
                        "crop_right": 0,
                        "crop_bottom": 0,
                        "id": 19,
                        "group_item_backup": false,
                        "scale_filter": "disable",
                        "blend_method": "default",
                        "blend_type": "normal",
                        "show_transition": {
                            "duration": 0
                        },
                        "hide_transition": {
                            "duration": 0
                        },
                        "private_settings": {}
                    },
                    {
                        "name": "XTDB Logo",
                        "source_uuid": "85383c60-2124-449e-b520-98241aafff81",
                        "visible": false,
                        "locked": false,
                        "rot": 0.0,
                        "pos": {
                            "x": 1650.0,
                            "y": 21.0
                        },
                        "scale": {
                            "x": 0.074294202029705048,
                            "y": 0.073932923376560211
                        },
                        "align": 5,
                        "bounds_type": 0,
                        "bounds_align": 0,
                        "bounds_crop": false,
                        "bounds": {
                            "x": 0.0,
                            "y": 0.0
                        },
                        "crop_left": 0,
                        "crop_top": 0,
                        "crop_right": 0,
                        "crop_bottom": 0,
                        "id": 20,
                        "group_item_backup": false,
                        "scale_filter": "disable",
                        "blend_method": "default",
                        "blend_type": "normal",
                        "show_transition": {
                            "duration": 0
                        },
                        "hide_transition": {
                            "duration": 0
                        },
                        "private_settings": {}
                    }
                ]
            },
            "mixers": 0,
            "sync": 0,
            "flags": 0,
            "volume": 1.0,
            "balance": 0.5,
            "enabled": true,
            "muted": false,
            "push-to-mute": false,
            "push-to-mute-delay": 0,
            "push-to-talk": false,
            "push-to-talk-delay": 0,
            "hotkeys": {
                "OBSBasic.SelectScene": [
                    {
                        "control": true,
                        "key": "OBS_KEY_2"
                    }
                ],
                "libobs.show_scene_item.15": [],
                "libobs.hide_scene_item.15": [],
                "libobs.show_scene_item.18": [],
                "libobs.hide_scene_item.18": [],
                "libobs.show_scene_item.16": [],
                "libobs.hide_scene_item.16": [],
                "libobs.show_scene_item.9": [],
                "libobs.hide_scene_item.9": [],
                "libobs.show_scene_item.11": [],
                "libobs.hide_scene_item.11": [],
                "libobs.show_scene_item.4": [],
                "libobs.hide_scene_item.4": [],
                "libobs.show_scene_item.13": [],
                "libobs.hide_scene_item.13": [],
                "libobs.show_scene_item.12": [],
                "libobs.hide_scene_item.12": [],
                "libobs.show_scene_item.19": [],
                "libobs.hide_scene_item.19": [],
                "libobs.show_scene_item.20": [],
                "libobs.hide_scene_item.20": []
            },
            "deinterlace_mode": 0,
            "deinterlace_field_order": 0,
            "monitoring_type": 0,
            "private_settings": {
                "transition": ""
            }
        },
        {
            "prev_ver": 503447555,
            "name": "Webcam Image",
            "uuid": "715ff8f7-8916-4db2-a4fb-533643930285",
            "id": "image_source",
            "versioned_id": "image_source",
            "settings": {
                "file": "C:/Users/bensh/Downloads/OBS-JUXT/OBS-JUXT/Webcam.png"
            },
            "mixers": 0,
            "sync": 0,
            "flags": 0,
            "volume": 1.0,
            "balance": 0.5,
            "enabled": true,
            "muted": false,
            "push-to-mute": false,
            "push-to-mute-delay": 0,
            "push-to-talk": false,
            "push-to-talk-delay": 0,
            "hotkeys": {},
            "deinterlace_mode": 0,
            "deinterlace_field_order": 0,
            "monitoring_type": 0,
            "private_settings": {}
        },
        {
            "prev_ver": 503447555,
            "name": "XTDB Logo",
            "uuid": "85383c60-2124-449e-b520-98241aafff81",
            "id": "image_source",
            "versioned_id": "image_source",
            "settings": {
                "file": "C:/Users/bensh/Downloads/OBS-JUXT/OBS-JUXT/XTDB Logo.png"
            },
            "mixers": 0,
            "sync": 0,
            "flags": 0,
            "volume": 1.0,
            "balance": 0.5,
            "enabled": true,
            "muted": false,
            "push-to-mute": false,
            "push-to-mute-delay": 0,
            "push-to-talk": false,
            "push-to-talk-delay": 0,
            "hotkeys": {},
            "deinterlace_mode": 0,
            "deinterlace_field_order": 0,
            "monitoring_type": 0,
            "private_settings": {}
        }
    ]
}